{"cameraMode":{"drawMode":0,"name":"Shaded","section":"Shading Mode"},"sceneLighting":true,"audioPlay":false,"sceneViewState":{"m_AlwaysRefresh":false,"showFog":true,"showSkybox":true,"showFlares":true,"showImageEffects":true,"showParticleSystems":true,"showVisualEffectGraphs":true,"m_FxEnabled":true},"in2DMode":false,"pivot":{"x":26.374603271484376,"y":-29.469789505004884,"z":33.50944137573242},"rotation":{"x":-0.508434534072876,"y":-0.009551992639899254,"z":0.005639106035232544,"w":-0.8610376119613648},"size":43.12578201293945,"orthographic":false}